order_id,order_date,customer_id,customer_name,region,product_category,product_name,quantity,unit_price,payment_method,order_status
ORD00447,14-04-2024,CUST1367,Customer_232,North,Toys,Puzzle Set,10,4359.97,Cash on Delivery,Cancelled
ORD00497,"Aug 04, 2024",CUST1626,Customer_142,West,Home & Kitchen,Cushion Cover,4,2154.16,Cash on Delivery,Pending
ORD00216,13-09-2024,CUST1893,Customer_377,South,Electronic,Winter Jacket,3,2665.61,Cash on Delivery,Returned
ORD00213,"Jul 07, 2024",CUST1689,Customer_57,West,ELECTRONICS,Building Blocks,-5,"$1,642.24",Credit Card,completed
ORD00480,29-04-2024,CUST1684,Customer_106,Central,Home & Kitchen,LED Bulb Pack,6,2032.25,Net Banking,Completed
ORD00502,26-05-2024,CUST1968,Customer_397,Central,Sports,Skipping Rope,8,2279.01,Debit Card,PENDING
ORD00164,18-02-2025,CUST1738,Customer_225,Central,Apparel,Formal Shirt,7,1916.85,Debit Card,Pending
ORD00078,02-03-2024,CUST1196,Customer_111,west ,Apparel,Running Shoes,5,3664.24,Cash on Delivery,completed
ORD00527,19-10-2024,CUST1869,Customer_37,Central,Books,Kids Storybook,3,1816.58,UPI,Returned
ORD00146,06-02-2024,CUST1882,Customer_380,North,Sports,Dumbbell Set,7,240.9,Credit Card,Returned
ORD00266,12-02-2024,CUST1865,Customer_223,East,Electronics,Smartphone Case,10,4890.05,Credit Card,completed
ORD00032,"May 02, 2024",CUST1405,Customer_68,East,Books,Cookbook,8,1683.46,Credit Card,Completed
ORD00056,16-08-2024,CUST1761,Customer_244,West,Toys,Board Game,5,,UPI,completed
ORD00091,2024-13-45,CUST1783,Customer_345,East,Apparel,Formal Shirt,10,$345.12,Debit Card,Pending
ORD00557,03-12-2024,CUST1194,Customer_269,West,Books,Fiction Novel,9,897.54,UPI,Returned
ORD00077,"Jun 18, 2024",CUST1719,Customer_233,East,,Shampoo,5,1369.31,Credit Card,PENDING
ORD00003,02-08-2024,CUST1459,Customer_302,East,Books,Kids Storybook,1,"$3,830.22",Debit Card,PENDING
ORD00368,06-10-2024,CUST1103,Customer_246,Central,Beauty,Lipstick,4,938.88,Credit Card,Completed
ORD00396,04-08-2024,CUST1872,Customer_179,West,Books,Cookbook,,1208.31,UPI,PENDING
ORD00335,10-10-2024,CUST1229,Customer_165,South,Apparel,Cotton T-Shirt,7,4591.9,UPI,Returned
ORD00132,"Nov 01, 2024",CUST1464,Customer_259,Central,Home & Kitchen,Storage Containers,7,631.02,Credit Card,PENDING
ORD00149,"Mar 21, 2025",CUST1763,Customer_174,South,Electronics,USB-C Cable,6,3928.72,Credit Card,completed
ORD00050,26-08-2024,CUST1452,,South,Sports,Dumbbell Set,9,2444.95,Debit Card,PENDING
ORD00003,02-08-2024,CUST1459,Customer_302,East,Books,Kids Storybook,1,3830.22,Debit Card,PENDING
ORD00317,07-08-2024,CUST1720,Customer_49,North,Books,Self-Help Book,4,2462.51,Debit Card,completed
ORD00111,"Apr 28, 2025",CUST1601,Customer_154,SOUTH,Electronics,USB-C Cable,5,2365.65,UPI,Cancelled
ORD00258,09-05-2025,CUST1471,Customer_87,East,ELECTRONICS,Action Figure,3,828.8,Cash on Delivery,Pending
ORD00578,10-04-2024,CUST1248,Customer_37,East,Beauty,Shampoo,7,1718.55,Cash on Delivery,Completed
ORD00087,"Apr 18, 2025",CUST1806,Customer_321,Central,Books,Self-Help Book,4,2211.92,Cash on Delivery,Cancelled
ORD00257,17-06-2024,CUST1388,Customer_292,South,ELECTRONICS,Denim Jeans,8,,UPI,Returned
ORD00334,26-04-2024,CUST1045,Customer_7,South,Sports,Yoga Mat,1,2438.06,Net Banking,Cancelled
ORD00262,"Jan 04, 2025",CUST1548,Customer_147,North,Electronics,Power Bank,9,4093.81,Net Banking,Cancelled
ORD00185,08-02-2024,CUST1372,Customer_263,South,Toys,Building Blocks,1,842.48,Cash on Delivery,PENDING
ORD00358,12-04-2025,CUST1720,Customer_359,East,Toys,Puzzle Set,10,2883.49,Cash on Delivery,Cancelled
ORD00133,04-01-2025,CUST1440,Customer_232,South,Books,Kids Storybook,7,1793.82,Net Banking,Pending
ORD00389,14-01-2025,CUST1777,Customer_265,East,Apparel,Winter Jacket,1,2649.06,Debit Card,Completed
ORD00470,06-03-2024,CUST1102,Customer_146,Central,Home & Kitchen,LED Bulb Pack,2,4515.58,,Pending
ORD00119,25-02-2024,CUST1482,Customer_13,Central,Beauty,Lipstick,9,1740.83,Cash on Delivery,Cancelled
ORD00182,"Jul 07, 2024",CUST1820,Customer_43,West,Books,Biography,2,2238.44,,completed
ORD00313,"Feb 28, 2025",CUST1345,Customer_281,Central,Home & Kitchen,LED Bulb Pack,3,2895.79,Net Banking,Returned
ORD00351,09-08-2024,CUST1508,Customer_16,West,Apparel,Formal Shirt,7,$988.11,Debit Card,Cancelled
ORD00040,07-12-2024,CUST1362,Customer_400,Central,Apparel,Denim Jeans,7,4873.11,Debit Card,Cancelled
ORD00087,"Apr 18, 2025",CUST1806,Customer_321,Central,Books,Self-Help Book,4,2211.92,Cash on Delivery,Cancelled
ORD00599,19-04-2025,CUST1887,Customer_316,West,Electronics,Smartphone Case,6,"$4,353.86",Debit Card,Pending
ORD00437,10-04-2024,CUST1123,Customer_202,South,Home & Kitchen,Cushion Cover,8,4149.09,Debit Card,PENDING
ORD00209,14-12-2024,CUST1131,Customer_50,West,Home & Kitchen,Cushion Cover,6,4005.25,,completed
ORD00261,12-04-2025,CUST1675,Customer_250,North,Books,Kids Storybook,1,"$2,731.23",Net Banking,Completed
ORD00533,15-01-2024,CUST1679,Customer_183,East,Toys,Remote Car,,2415.89,Cash on Delivery,Returned
ORD00079,02-03-2025,CUST1303,Customer_117,East,Home & Kitchen,Non-stick Pan,3,1616,Cash on Delivery,Cancelled
ORD00539,16-11-2024,CUST1529,Customer_392,Central,sport,USB-C Cable,5,"$1,530.68",Cash on Delivery,Returned
ORD00559,13-04-2024,CUST1497,Customer_99,North,Toys,Building Blocks,1,2919.41,Net Banking,PENDING
ORD00281,"Sep 02, 2024",CUST1181,Customer_204,East,Books,Self-Help Book,5,3714.14,Net Banking,completed
ORD00011,"May 06, 2024",CUST1764,Customer_300,West,Home & Kitchen,Blender,10,2087.09,Debit Card,Cancelled
ORD00260,04-02-2024,CUST1009,Customer_112,north,electronics,Remote Car,8,1960.02,Cash on Delivery,PENDING
ORD00110,"Aug 24, 2024",CUST1470,Customer_131,North,Apparel,Denim Jeans,8,4520.87,Cash on Delivery,Cancelled
ORD00311,"Dec 21, 2024",CUST1465,Customer_250,East,Sports,Dumbbell Set,10,161.99,Credit Card,PENDING
ORD00136,09-12-2024,CUST1420,Customer_182,West,Sports,Dumbbell Set,1,4846.73,Cash on Delivery,Returned
ORD00560,"Nov 15, 2024",CUST1050,Customer_188,South,Toys,Shampoo,10,3631.55,Credit Card,Cancelled
ORD00211,17-03-2024,CUST1335,Customer_314,East,Sports,Football,,0.01,,PENDING
ORD00031,21-01-2024,CUST1429,Customer_337,north,Sports,Skipping Rope,10,99999,UPI,Cancelled
ORD00579,"Aug 04, 2024",CUST1356,Customer_98,East,Electronics,USB-C Cable,6,3030.3,Credit Card,Returned
ORD00482,06-07-2024,CUST1529,Customer_129,West,ELECTRONICS,Biography,4,2654.4,UPI,Returned
ORD00193,"Oct 10, 2024",CUST1478,Customer_283,South,Electronics,Bluetooth Speaker,10,4438.6,Credit Card,Returned
ORD00570,"Apr 29, 2024",CUST1830,Customer_154,North,Sports,Cricket Bat,10,0.01,Debit Card,PENDING
ORD00588,20-07-2024,CUST1018,Customer_178,East,Home & Kitchen,Storage Containers,6,3182.37,Debit Card,completed
ORD00300,"Mar 19, 2025",CUST1974,Customer_5,West,Electronic,Yoga Mat,3,1096.37,Net Banking,completed
ORD00057,20-05-2024,CUST1079,Customer_366,East,N/A,Moisturizer,4,1467.82,UPI,completed
ORD00197,09-03-2025,CUST1256,Customer_101,Central,Sports,Dumbbell Set,5,757.08,UPI,completed
ORD00535,03-10-2024,CUST1824,Customer_46,West,Home & Kitchen,Storage Containers,5,1924.05,UPI,Cancelled
ORD00236,02-01-2025,CUST1093,Customer_262,west ,Electronics,Smartphone Case,1,2349.15,Cash on Delivery,Pending
ORD00273,31-12-2024,CUST1084,Customer_138,South,Toys,Remote Car,7,3601.63,Debit Card,PENDING
ORD00025,"Apr 03, 2024",CUST1473,Customer_128,North,Apparel,Winter Jacket,8,4068.91,Cash on Delivery,Completed
ORD00083,01-03-2024,CUST1620,Customer_306,Central,Electronics,Smartphone Case,4,3912.11,Net Banking,Pending
ORD00159,12-10-2024,CUST1290,Customer_130,Central,Home & Kitchen,Non-stick Pan,3,1766.81,Cash on Delivery,PENDING
ORD00543,"Aug 03, 2024",CUST1804,Customer_256,East,Apparel,Running Shoes,8,3530.13,Credit Card,Returned
ORD00221,18-04-2025,CUST1671,Customer_132,West,Electronics,Bluetooth Speaker,4,"$1,130.03",,Returned
ORD00595,24-02-2024,CUST1189,Customer_14,Central,Toys,Remote Car,10,1444.28,Cash on Delivery,completed
ORD00071,"May 09, 2025",CUST1630,Customer_276,West,Books,Kids Storybook,8,2262.54,Cash on Delivery,Returned
ORD00357,26-01-2025,CUST1589,Customer_199,East,Sports,Yoga Mat,3,"$1,004.09",Cash on Delivery,Returned
ORD00512,"Apr 21, 2024",CUST1187,Customer_383,South,Home & Kitchen,LED Bulb Pack,8,3724.99,Debit Card,PENDING
ORD00369,"Jun 12, 2024",CUST1974,Customer_54,South,Home & Kitchen,Non-stick Pan,6,975.01,Net Banking,Cancelled
ORD00061,"Apr 22, 2024",CUST1446,Customer_249,North,Apparel,Winter Jacket,7,"$1,780.23",Net Banking,PENDING
ORD00514,10-11-2024,CUST1782,Customer_278,North,Electronics,USB-C Cable,8,"$1,950.30",UPI,Pending
ORD00405,29-08-2024,CUST1512,Customer_62,West,Sports,Yoga Mat,9,1597.03,Credit Card,Cancelled
ORD00210,11-04-2024,CUST1512,,North,Home & Kitchen,Blender,1,814.63,UPI,Pending
ORD00594,07-01-2025,CUST1783,Customer_164,north,Home & Kitchen,Blender,7,1621.24,UPI,Cancelled
ORD00450,21-01-2025,CUST1794,Customer_372,South,Books,Cookbook,5,2326.75,Credit Card,Cancelled
ORD00555,28-09-2024,CUST1460,Customer_152,East,Apparel,Cotton T-Shirt,9,1930.5,Credit Card,PENDING
ORD00175,05-04-2024,CUST1536,Customer_185,North,Sports,Football,9,2788.8,Cash on Delivery,completed
ORD00350,07-04-2025,CUST1828,Customer_66,North,Electronics,Smartphone Case,6,$744.26,Net Banking,Completed
ORD00251,10-12-2024,CUST1894,Customer_38,South,N/A,Storage Containers,10,3662.88,Cash on Delivery,Cancelled
ORD00301,28-07-2024,CUST1425,Customer_364,SOUTH,Sports,Football,8,961.18,Cash on Delivery,Completed
ORD00030,11-02-2024,CUST1070,Customer_305,North,Electronics,Power Bank,4,2108.31,Cash on Delivery,Cancelled
ORD00303,08-10-2024,CUST1586,Customer_59,East,Books,Biography,9,4142.92,UPI,completed
ORD00102,19-06-2024,CUST1466,Customer_165,South,Toys,Lipstick,4,2923.22,Debit Card,Pending
ORD00219,19-12-2024,CUST1324,Customer_246,west ,Books,Self-Help Book,9,4678.45,UPI,Returned
ORD00292,21-04-2025,CUST1528,Customer_90,Central,Toys,Remote Car,3,1755.3,Net Banking,Pending
ORD00275,05-04-2024,CUST1459,Customer_286,SOUTH,Apparel,Cotton T-Shirt,9,2129.01,Credit Card,Completed
ORD00293,18-11-2024,CUST1190,Customer_328,north,Apparel,Winter Jacket,7,291.58,Cash on Delivery,Cancelled
ORD00272,10-10-2024,CUST1442,,Central,Apparel,Running Shoes,7,$565.62,Cash on Delivery,Returned
ORD00204,02-08-2024,CUST1985,Customer_82,,Toys,Shampoo,10,3647.47,Debit Card,Cancelled
ORD00498,13-10-2024,CUST1259,Customer_158,Central,Apparel,Running Shoes,6,3904.84,Net Banking,PENDING
ORD00339,24-01-2025,CUST1154,Customer_4,West,Books,Kids Storybook,1,1280.04,UPI,PENDING
ORD00530,17-04-2024,CUST1406,Customer_53,,Home & Kitchen,Non-stick Pan,2,4693.45,Net Banking,completed
ORD00232,"Jul 26, 2024",CUST1706,Customer_61,East,Home & Kitchen,Blender,6,3130.93,Debit Card,Cancelled
ORD00082,24-07-2024,CUST1075,Customer_296,North,sport,Building Blocks,3,873.61,Cash on Delivery,Returned
ORD00342,22-08-2024,CUST1594,Customer_49,Central,Beauty,Lipstick,3,,Net Banking,Completed
ORD00110,"Aug 24, 2024",CUST1470,Customer_131,North,Home and Kitchen,Denim Jeans,-5,4520.87,Cash on Delivery,Cancelled
ORD00056,16-08-2024,CUST1761,Customer_244,West,Toys,Board Game,5,3796.12,UPI,completed
ORD00228,"Nov 27, 2024",CUST1735,Customer_96,North,Apparel,Winter Jacket,6,3985.22,Cash on Delivery,PENDING
ORD00064,22-05-2024,CUST1258,Customer_42,West,Home & Kitchen,Storage Containers,1,,Credit Card,Returned
ORD00156,05-11-2024,CUST1513,Customer_78,North,Apparel,Running Shoes,8,651.98,UPI,PENDING
ORD00073,"Mar 11, 2025",CUST1186,Customer_250,South,Electronics,USB-C Cable,6,4019.49,UPI,Returned
ORD00382,11-04-2025,CUST1089,Customer_199,Central,Home & Kitchen,LED Bulb Pack,7,2827.46,UPI,completed
ORD00583,"Sep 24, 2024",CUST1561,,,Apparel,Formal Shirt,3,3521.1,Credit Card,Pending
ORD00119,25-02-2024,CUST1482,Customer_13,Central,Beauty,Lipstick,9,1740.83,Cash on Delivery,Cancelled
ORD00584,"Jan 23, 2024",CUST1174,Customer_31,East,Sports,Skipping Rope,4,3977.56,Cash on Delivery,Returned
ORD00285,07-02-2024,CUST1612,Customer_246,Central,N/A,Sunscreen SPF50,7,2741.68,Net Banking,completed
ORD00444,"Sep 14, 2024",CUST1727,Customer_60,East,Books,Self-Help Book,9,2479.79,Cash on Delivery,PENDING
ORD00212,"Oct 30, 2024",CUST1519,Customer_261,Central,Toys,Puzzle Set,8,3587.39,UPI,Pending
ORD00141,23-06-2024,CUST1378,Customer_160,East,Beauty,Sunscreen SPF50,10,,Credit Card,Cancelled
ORD00345,25-03-2024,CUST1477,Customer_161,West,,Cotton T-Shirt,2,2749.23,Debit Card,Pending
ORD00229,30-03-2024,CUST1846,Customer_219, East,Toys,Remote Car,6,570.68,Credit Card,Cancelled
ORD00412,10-08-2024,CUST1350,Customer_251,East,Toys,Dumbbell Set,4,949.69,Net Banking,Completed
ORD00189,12-04-2025,CUST1268,Customer_397,East,Sports,Football,8,1190.67,Cash on Delivery,Returned
ORD00397,22-07-2024,CUST1007,Customer_262,East,Sports,Skipping Rope,9,3289.61,Cash on Delivery,Returned
ORD00330,09-11-2024,CUST1316,Customer_342,South,Electronics,USB-C Cable,2,211.43,Debit Card,PENDING
ORD00007,19-03-2025,CUST1389,Customer_143,West,Toys,Remote Car,6,938.87,UPI,Cancelled
ORD00105,21-03-2025,CUST1076,Customer_241,north,Apparel,Winter Jacket,6,3172.81,Net Banking,PENDING
ORD00115,"Jan 18, 2024",CUST1749,Customer_68,North,Toys,Action Figure,5,1734.59,Net Banking,Cancelled
ORD00596,28-04-2024,CUST1703,Customer_14,East,Apparel,Formal Shirt,2,3487.49,Net Banking,Cancelled
ORD00406,24-06-2024,CUST1583,,South,Apparel,Denim Jeans,6,4332.61,Debit Card,Completed
ORD00494,15-02-2025,CUST1435,Customer_69,East,Home & Kitchen,Cushion Cover,8,3864.42,Credit Card,Returned
ORD00568,22-09-2024,CUST1911,Customer_155,North,Sports,Yoga Mat,5,4924.31,Debit Card,Returned
ORD00571,09-02-2025,CUST1177,,Central,Electronics,Bluetooth Speaker,2,3036.87,UPI,Completed
ORD00448,not a date,CUST1523,Customer_357,East,Books,Kids Storybook,1,"$4,643.45",Net Banking,Pending
ORD00415,25-01-2024,CUST1426,Customer_228,west ,ELECTRONICS,Wireless Earbuds,2,2804.32,Net Banking,PENDING
ORD00297,15-04-2025,CUST1688,Customer_69,SOUTH,Electronic,Running Shoes,2,"$1,307.08",,Cancelled
ORD00290,"Jun 27, 2024",CUST1351,Customer_234,South,Toys,Remote Car,9,2492.19,Net Banking,Completed
ORD00558,26-02-2024,CUST1535,Customer_338,North,Beauty,Lipstick,1,4200.69,Debit Card,Cancelled
ORD00178,"Oct 06, 2024",CUST1833,Customer_330,South,Home and Kitchen,Bluetooth Speaker,8,4906.97,,PENDING
ORD00473,25-03-2025,CUST1473,Customer_229,East,Books,Cookbook,5,"$2,511.81",Credit Card,Cancelled
ORD00043,"Jun 28, 2024",CUST1840,Customer_117,South,Apparel,Winter Jacket,1,3351.16,Net Banking,Returned
ORD00074,11-10-2024,CUST1529,Customer_98,North,Sports,Dumbbell Set,4,3642.36,Net Banking,completed
ORD00541,08-09-2024,CUST1328,Customer_10,South,Home & Kitchen,Cushion Cover,1,4853.12,Credit Card,Cancelled
ORD00067,02-02-2025,CUST1987,Customer_160,north,Sports,Yoga Mat,10,274.54,UPI,completed
ORD00012,16-02-2024,CUST1881,Customer_57,South,Sports,Football,3,3991.58,Net Banking,completed
ORD00332,20-06-2024,CUST1278,Customer_269,North,Electronics,Wireless Earbuds,5,3604.77,Cash on Delivery,PENDING
ORD00245,"Mar 12, 2024",CUST1239,Customer_375,Central,Toys,Building Blocks,6,2950.75,UPI,Cancelled
ORD00548,"Apr 11, 2024",CUST1908,Customer_27,South,Books,Cookbook,2,1294.43,Net Banking,Returned
ORD00200,"Sep 11, 2024",CUST1657,Customer_155,West,Sports,Yoga Mat,4,4052.74,Net Banking,Returned
ORD00084,16-03-2025,CUST1312,Customer_292,Central,sport,Lipstick,1,3106.71,Credit Card,Cancelled
ORD00282,15-06-2024,CUST1287,Customer_202,East,Toys,Remote Car,2,4670.53,Debit Card,completed
ORD00363,"Mar 30, 2024",CUST1228,Customer_341,Central,Beauty,Lipstick,3,1985.16,UPI,Cancelled
ORD00080,13-05-2025,CUST1566,Customer_150,north,Home & Kitchen,Non-stick Pan,8,647.55,Credit Card,completed
ORD00024,01-02-2024,CUST1745,Customer_174,north,electronics,Fiction Novel,4,1079.21,Cash on Delivery,Pending
ORD00590,02-12-2024,CUST1089,Customer_374,West,Home & Kitchen,Storage Containers,9,4808.94,Cash on Delivery,PENDING
ORD00305,"Aug 18, 2024",CUST1356,Customer_45,West,Toys,Building Blocks,2,3911.81,Debit Card,Cancelled
ORD00166,13-08-2024,CUST1787,Customer_145,,Home & Kitchen,Cushion Cover,,2708.18,Debit Card,Cancelled
ORD00466,13-03-2024,CUST1042,,,Sports,Skipping Rope,10,2061.3,Cash on Delivery,Completed
ORD00336,"Oct 19, 2024",CUST1122,Customer_258,North,Toys,Building Blocks,3,1232.45,Cash on Delivery,Completed
ORD00214,10-05-2025,CUST1738,Customer_27,Central,Beauty,Lipstick,8,$976.98,Cash on Delivery,Pending
ORD00138,not a date,CUST1587,Customer_116,West,Home & Kitchen,Non-stick Pan,9,4876.55,,completed
ORD00400,"May 31, 2024",CUST1928,Customer_215,West,Electronics,USB-C Cable,7,3723.15,Cash on Delivery,PENDING
ORD00285,07-02-2024,CUST1612,Customer_246,Central,Beauty,Sunscreen SPF50,7,2741.68,Net Banking,completed
ORD00177,25-06-2024,CUST1750,Customer_337,North,Toys,Building Blocks,10,3715.66,UPI,Cancelled
ORD00010,"Apr 18, 2024",CUST1217,Customer_336,West,Home & Kitchen,Non-stick Pan,7,4440.71,Net Banking,Cancelled
ORD00496,"Dec 18, 2024",CUST1418,Customer_186,North,Beauty,Moisturizer,3,2216.45,Cash on Delivery,Returned
ORD00239,28-07-2024,CUST1787,Customer_70,West,Electronics,Bluetooth Speaker,6,"$4,965.35",Net Banking,Pending
ORD00323,"Nov 03, 2024",CUST1797,Customer_354,North,Sports,Skipping Rope,5,"$1,146.41",Cash on Delivery,completed
ORD00350,07-04-2025,CUST1828,Customer_66,North,Electronics,Smartphone Case,6,744.26,Net Banking,Completed
ORD00269,15-10-2024,CUST1580,Customer_200,Central,Home & Kitchen,Blender,6,2011.65,Debit Card,PENDING
ORD00085,15-05-2024,CUST1160,Customer_123,Central,Books,Self-Help Book,9,514.06,Credit Card,Pending
ORD00291,12-06-2024,CUST1307,Customer_23,North,Beauty,Sunscreen SPF50,1,4268.52,Credit Card,PENDING
ORD00312,11-03-2025,CUST1814,Customer_274,West,Beauty,Lipstick,4,"$4,845.42",,Pending
ORD00320,24-11-2024,CUST1070,Customer_272,Central,Beauty,Moisturizer,1,3110.05,,Pending
ORD00417,01-03-2025,CUST1523,Customer_369,Central,Apparel,Winter Jacket,2,1521.13,Credit Card,Pending
ORD00491,27-02-2025,CUST1620,Customer_50,South,Books,Biography,8,4522.8,Cash on Delivery,Completed
ORD00248,11-07-2024,CUST1772,Customer_276,Central,Apparel,Running Shoes,4,4269.3,UPI,PENDING
ORD00506,"May 08, 2025",CUST1231,,South,Home & Kitchen,LED Bulb Pack,,4659.11,Cash on Delivery,Completed
ORD00299,21-12-2024,CUST1568,Customer_86,West,Books,Kids Storybook,5,830.44,UPI,Pending
ORD00154,19-08-2024,CUST1058,Customer_189,north,ELECTRONICS,Storage Containers,2,3276.63,Credit Card,completed
ORD00076,20-12-2024,CUST1313,Customer_340,Central,Apparel,Winter Jacket,6,2445.31,Cash on Delivery,Returned
ORD00093,13-06-2024,CUST1878,Customer_83,East,Beauty,Lipstick,7,3514.32,UPI,PENDING
ORD00321,17-11-2024,CUST1941,Customer_211,Central,Home & Kitchen,Blender,8,4320.82,Credit Card,Completed
ORD00069,11-02-2025,CUST1355,Customer_273,West,Sports,Yoga Mat,6,$484.44,UPI,Completed
ORD00016,03-10-2024,CUST1613,,West,Toys,Remote Car,1,692.56,UPI,Returned
ORD00508,"Feb 20, 2025",CUST1710,Customer_227,West,,Cushion Cover,10,2495.6,Debit Card,Returned
ORD00205,2024-13-45,CUST1900,Customer_158,,Beauty,Shampoo,1,586.74,Net Banking,completed
ORD00089,"Apr 16, 2025",CUST1449,Customer_64,West,Books,Kids Storybook,5,3543.71,UPI,completed
ORD00522,06-02-2025,CUST1307,Customer_129,Central,Books,Cookbook,10,381.39,Credit Card,PENDING
ORD00118,08-02-2025,CUST1014,Customer_136,Central,Home & Kitchen,Non-stick Pan,2,2355.71,UPI,completed
ORD00416,21-12-2024,CUST1308,Customer_216,North,Apparel,Denim Jeans,9,1459.39,Cash on Delivery,PENDING
ORD00478,16-12-2024,CUST1775,Customer_264,South,Apparel,Formal Shirt,8,922.23,Cash on Delivery,completed
ORD00034,25-05-2024,CUST1448,Customer_279,East,electronics,Running Shoes,10,"$4,921.69",Cash on Delivery,Completed
ORD00001,"Jan 13, 2024",CUST1250,Customer_115,Central,Books,Fiction Novel,2,3431.99,Cash on Delivery,Completed
ORD00031,21-01-2024,CUST1429,Customer_337,Central,Sports,Skipping Rope,10,"$2,685.50",UPI,Cancelled
ORD00333,"Aug 21, 2024",CUST1056,Customer_256,Central,Electronics,USB-C Cable,3,1933.29,UPI,Completed
ORD00443,19-11-2024,CUST1205,Customer_108,Central,Books,Kids Storybook,5,3480.06,Debit Card,PENDING
ORD00375,29-08-2024,CUST1916,Customer_339,north,Toys,Action Figure,2,3263.05,Net Banking,Cancelled
ORD00452,"Jan 03, 2024",CUST1477,Customer_364,South,Toys,Puzzle Set,1,895.46,UPI,completed
ORD00582,21-12-2024,CUST1312,Customer_231,West,Electronics,Bluetooth Speaker,1,1759.6,Cash on Delivery,Cancelled
ORD00023,19-02-2024,CUST1362,Customer_217,West,Apparel,Cotton T-Shirt,8,4339.61,Credit Card,PENDING
ORD00479,11-01-2025,CUST1961,Customer_184,west ,Books,Self-Help Book,4,3843.14,Debit Card,Completed
ORD00117,15-02-2025,CUST1479,Customer_39,South,ELECTRONICS,Cookbook,4,4321.68,Net Banking,completed
ORD00090,12-08-2024,CUST1612,Customer_21,West,Sports,Football,6,3078.01,Credit Card,Completed
ORD00183,22-02-2024,CUST1335,Customer_339,East,Home & Kitchen,LED Bulb Pack,5,2312.69,Net Banking,Cancelled
ORD00249,13-04-2025,CUST1575,Customer_212,West,Apparel,Winter Jacket,9,150000,Net Banking,Cancelled
ORD00432,16-01-2025,CUST1105,Customer_207,West,Toys,USB-C Cable,1,,Credit Card,Completed
ORD00019,"Dec 31, 2024",CUST1408,,,Books,Self-Help Book,0,4513.13,Net Banking,Completed
ORD00341,07-05-2025,CUST1995,Customer_73,East,Electronic,Sunscreen SPF50,2,362.92,Debit Card,completed
ORD00235,07-04-2025,CUST1586,Customer_275,South,Electronics,Power Bank,3,1741.37,Cash on Delivery,Pending
ORD00145,04-01-2024,CUST1764,Customer_221,west ,Home & Kitchen,Non-stick Pan,3,"$1,994.01",Debit Card,completed
ORD00306,"Dec 18, 2024",CUST1881,Customer_364,north,Toys,Board Game,7,955.01,Debit Card,Cancelled
ORD00371,31-03-2025,CUST1160,Customer_28,North,Apparel,Formal Shirt,6,1146.92,,Pending
ORD00566,"Jun 15, 2024",CUST1422,,West,N/A,Cushion Cover,6,3100.8,Cash on Delivery,completed
ORD00391,21-08-2024,CUST1940,Customer_185,South,Apparel,Cotton T-Shirt,5,1936.51,Net Banking,completed
ORD00276,"Feb 17, 2024",CUST1884,Customer_198,,Home & Kitchen,Cushion Cover,5,2156.98,Credit Card,PENDING
ORD00265,30-11-2024,CUST1095,Customer_208,,Books,Fiction Novel,7,2830.6,,PENDING
ORD00573,21-03-2025,CUST1765,Customer_335,Central,Toys,Building Blocks,1,3224.35,Net Banking,Completed
ORD00536,01-01-2024,CUST1352,Customer_147,West,Home & Kitchen,Non-stick Pan,9,190.34,Net Banking,Pending
ORD00168,11-03-2025,CUST1291,Customer_43,South,Toys,Board Game,5,"$2,329.20",Cash on Delivery,Cancelled
ORD00055,"Oct 31, 2024",CUST1972,Customer_387,West,Sports,Skipping Rope,10,4102.78,Cash on Delivery,Pending
ORD00329,19-07-2024,CUST1317,Customer_358,West,Sports,Dumbbell Set,4,$430.84,Credit Card,Pending
ORD00047,17-12-2024,CUST1372,Customer_221,SOUTH,Sports,Skipping Rope,6,3172.3,Credit Card,PENDING
ORD00094,19-01-2024,CUST1090,Customer_162,East,Beauty,Shampoo,6,712.22,Net Banking,completed
ORD00287,"May 10, 2025",CUST1988,Customer_221,north,Sports,Football,1,628.24,Debit Card,completed
ORD00420,08-12-2024,CUST1152,Customer_47,Central,Toys,Board Game,2,150000,Credit Card,Returned
ORD00109,28-03-2024,CUST1080,Customer_313,West,Sports,Cricket Bat,10,3463.2,Net Banking,completed
ORD00551,21-04-2025,CUST1061,Customer_183,South,electronics,Dumbbell Set,9,3988.61,Debit Card,Pending
ORD00196,01-03-2025,CUST1530,Customer_79,East,Sports,Yoga Mat,3,935.54,Debit Card,Returned
ORD00597,"Aug 28, 2024",CUST1188,Customer_199,West,Sports,Skipping Rope,8,816.94,Debit Card,Cancelled
ORD00517,"Aug 23, 2024",CUST1705,Customer_5,North,Home and Kitchen,Power Bank,4,1990.23,Credit Card,Returned
ORD00474,"Feb 11, 2024",CUST1879,Customer_72,,Books,Kids Storybook,4,1426.69,Credit Card,PENDING
ORD00364,30-04-2025,CUST1871,Customer_395,Central,Apparel,Cotton T-Shirt,1,1033.1,UPI,completed
ORD00182,"Jul 07, 2024",CUST1820,Customer_43,West,Electronic,Biography,2,2238.44,Debit Card,completed
ORD00008,25-12-2024,CUST1623,Customer_326,South,Books,Cookbook,9,3686.26,Debit Card,Pending
ORD00532,07-06-2024,CUST1253,Customer_378,East,Books,Biography,8,3188.43,Debit Card,completed
ORD00430,13-06-2024,CUST1338,Customer_143,North,ELECTRONICS,USB-C Cable,9,1230.13,Net Banking,Pending
ORD00288,12-10-2024,CUST1456,Customer_192,north,Books,Kids Storybook,8,3895.86,Cash on Delivery,PENDING
ORD00235,07-04-2025,CUST1586,Customer_275,South,Electronics,Power Bank,3,1741.37,Cash on Delivery,Pending
ORD00279,31-10-2024,CUST1468,Customer_55,South,Apparel,Winter Jacket,5,182.82,Net Banking,Returned
ORD00593,01-12-2024,CUST1325,Customer_35,Central,Beauty,Moisturizer,9,4750.72,Credit Card,Cancelled
ORD00070,25-02-2025,CUST1108,Customer_222,East,Toys,Action Figure,8,3580.45,Net Banking,Cancelled
ORD00435,01-01-2025,CUST1116,Customer_50,South,sport,Cookbook,1,1805.58,UPI,completed
ORD00439,04-05-2025,CUST1986,Customer_256,North,Books,Kids Storybook,9,3720.64,Cash on Delivery,Pending
ORD00302,29-05-2024,CUST1281,Customer_116,Central,Toys,Remote Car,5,$965.81,Net Banking,completed
ORD00484,17-03-2024,CUST1161,Customer_186,Central,Home & Kitchen,Blender,2,3356.38,Net Banking,Returned
ORD00250,18-06-2024,CUST1944,Customer_231,East,Home & Kitchen,Blender,2,2747.83,Debit Card,Completed
ORD00278,26-03-2024,CUST1282,Customer_216,East,Apparel,Cotton T-Shirt,,3945.93,UPI,Returned
ORD00150,28-09-2024,CUST1927,Customer_398,East,Books,Fiction Novel,6,3677.79,Debit Card,Cancelled
ORD00125,12-05-2025,CUST1051,Customer_171,South,Books,Kids Storybook,3,3966.84,Debit Card,Completed
ORD00465,"Feb 11, 2025",CUST1983,Customer_325,South,Books,Biography,5,3434.85,UPI,Completed
ORD00587,11-04-2024,CUST1574,Customer_365,North,Electronics,Smartphone Case,1,1349.85,Cash on Delivery,Returned
ORD00186,18-01-2024,CUST1068,Customer_121,west ,Toys,Action Figure,6,2006.84,Cash on Delivery,Completed
ORD00337,25-03-2025,CUST1886,Customer_145,East,Beauty,Face Wash,6,568.97,Net Banking,Completed
ORD00580,11-11-2024,CUST1638,Customer_75,West,ELECTRONICS,Running Shoes,1,4632.43,Debit Card,Cancelled
ORD00213,"Jul 07, 2024",CUST1689,Customer_57,West,Toys,Building Blocks,10,1642.24,Credit Card,completed
ORD00574,"Jan 22, 2024",CUST1552,Customer_290,South,Home & Kitchen,Cushion Cover,6,2586.65,Debit Card,Cancelled
ORD00545,28-02-2025,CUST1124,Customer_394,South,Toys,Action Figure,7,3890.44,Net Banking,Cancelled
ORD00142,26-01-2024,CUST1278,Customer_227,West,Apparel,Formal Shirt,8,3094.32,Net Banking,Returned
ORD00020,"Feb 02, 2024",CUST1021,Customer_302,Central,Apparel,Denim Jeans,4,3003.93,Credit Card,Completed
ORD00173,25-01-2024,CUST1429,Customer_328,Central,Home & Kitchen,Non-stick Pan,8,454.61,Net Banking,completed
ORD00529,09-05-2025,CUST1423,Customer_86,South,sport,Skipping Rope,1,756.44,Debit Card,PENDING
ORD00489,24-02-2025,CUST1638,Customer_338,Central,electronics,Board Game,5,963.45,UPI,Pending
ORD00026,04-03-2025,CUST1992,Customer_48,South,Electronics,Power Bank,3,2121.11,Net Banking,Cancelled
ORD00409,30-09-2024,CUST1748,Customer_192,North,Electronics,Wireless Earbuds,6,3820.71,Cash on Delivery,Cancelled
ORD00481,"Feb 22, 2024",CUST1854,Customer_380,East,Electronics,Bluetooth Speaker,10,2790.1,Debit Card,Pending
ORD00518,"Mar 17, 2025",CUST1191,Customer_281,SOUTH,Home & Kitchen,Cushion Cover,4,1456.63,Cash on Delivery,Returned
ORD00322,28-10-2024,CUST1359,Customer_220,East,Apparel,Cotton T-Shirt,,1351.76,,Cancelled
ORD00246,04-12-2024,CUST1423,Customer_154,west ,Home & Kitchen,Blender,1,2850.08,Cash on Delivery,PENDING
ORD00421,"Aug 21, 2024",CUST1270,Customer_238,North,Books,Self-Help Book,2,4093.92,Credit Card,Returned
ORD00155,15-07-2024,CUST1594,Customer_284,North,Electronic,Skipping Rope,8,4558.89,Cash on Delivery,PENDING
ORD00127,"Mar 07, 2024",CUST1817,Customer_90,North,Home & Kitchen,Blender,1,789.25,UPI,Cancelled
ORD00399,26-01-2025,CUST1921,Customer_30,Central,Home and Kitchen,Formal Shirt,7,3353.57,Debit Card,PENDING
ORD00114,22-04-2024,CUST1635,Customer_129,South,electronics,Dumbbell Set,2,4531.51,Credit Card,Returned
ORD00174,19-11-2024,CUST1735,Customer_74,East,ELECTRONICS,Yoga Mat,7,$157.59,UPI,Cancelled
ORD00058,18-03-2024,CUST1392,Customer_356,South,Electronics,Smartphone Case,4,461.51,Net Banking,Returned
ORD00534,10-03-2024,CUST1605,Customer_306,West,Home and Kitchen,Football,10,2259.64,Cash on Delivery,Returned
ORD00223,27-01-2024,CUST1423,Customer_170,West,Books,Self-Help Book,2,3453.78,Debit Card,Completed
ORD00018,29-04-2025,CUST1271,Customer_271,Central,Apparel,Winter Jacket,7,,Cash on Delivery,PENDING
ORD00408,07-09-2024,CUST1132,Customer_315,West,Sports,Cricket Bat,7,2106.46,Net Banking,Pending
ORD00256,14-01-2025,CUST1016,Customer_134,Central,Toys,Remote Car,10,2958.84,,Returned
ORD00469,"Feb 07, 2024",CUST1687,Customer_35,East,Books,Kids Storybook,2,1107.48,Cash on Delivery,Pending
ORD00597,"Aug 28, 2024",CUST1188,Customer_199,West,Sports,Skipping Rope,8,816.94,Debit Card,Cancelled
ORD00191,"Dec 07, 2024",CUST1726,Customer_34,Central,Toys,Puzzle Set,9,1558.26,UPI,Cancelled
ORD00366,"Feb 24, 2025",CUST1457,Customer_6,East,Books,Fiction Novel,4,1360.27,,Returned
ORD00547,"Apr 24, 2025",CUST1162,Customer_323,North,Beauty,Lipstick,9,2676.49,UPI,Pending
ORD00434,22-02-2025,CUST1864,Customer_233,East,Home & Kitchen,Non-stick Pan,9,,Cash on Delivery,Pending
ORD00095,02-12-2024,CUST1423,Customer_28,,Electronic,Building Blocks,9,1904.63,Net Banking,PENDING
ORD00181,"Mar 04, 2024",CUST1447,Customer_205,West,Home & Kitchen,LED Bulb Pack,7,1794.33,Debit Card,Pending
ORD00404,2024-13-45,CUST1871,Customer_61,West,Home & Kitchen,Cushion Cover,1,4352.01,Cash on Delivery,completed
ORD00572,14-07-2024,CUST1798,Customer_29,South,Books,Kids Storybook,6,4416.99,Net Banking,Pending
ORD00356,"Sep 28, 2024",CUST1785,Customer_300,South,Toys,USB-C Cable,3,635.65,Debit Card,Returned
ORD00376,08-07-2024,CUST1456,Customer_23,East,Home & Kitchen,Storage Containers,8,2405.53,Debit Card,Returned
ORD00006,"Feb 28, 2025",CUST1591,Customer_99,North,Sports,Dumbbell Set,1,3357.13,UPI,Completed
ORD00046,11-08-2024,CUST1394,Customer_296,north,Books,Cookbook,5,365.27,Net Banking,Completed
ORD00319,06-02-2024,CUST1392,Customer_46,North,sport,Winter Jacket,2,1669.75,,Cancelled
ORD00423,"May 04, 2025",CUST1899,Customer_376,North,Home & Kitchen,Storage Containers,6,4102.58,Debit Card,Completed
ORD00413,07-01-2025,CUST1216,Customer_376,North,Home and Kitchen,Denim Jeans,10,2597.47,Credit Card,Returned
ORD00017,03-05-2024,CUST1087,Customer_375,West,Apparel,Cotton T-Shirt,2,4893.22,Cash on Delivery,Cancelled
ORD00049,"Nov 11, 2024",CUST1415,Customer_281,North,sport,Moisturizer,5,1541.53,Net Banking,completed
ORD00566,"Jun 15, 2024",CUST1422,,west ,Home & Kitchen,Cushion Cover,6,3100.8,Cash on Delivery,completed
ORD00569,15-04-2025,CUST1096,Customer_20, East,Electronics,Bluetooth Speaker,6,907.12,UPI,Returned
ORD00004,22-05-2024,CUST1220,Customer_391,East,Beauty,Lipstick,2,599.82,Credit Card,Returned
ORD00354,10-02-2025,CUST1391,Customer_366,East,Home and Kitchen,Kids Storybook,8,2790.91,Net Banking,Returned
ORD00487,17-04-2025,CUST1529,Customer_208,Central,Apparel,Running Shoes,10,3242.47,UPI,Completed
ORD00592,15-04-2024,CUST1594,Customer_278,South,Sports,Cricket Bat,3,1648.64,Cash on Delivery,Cancelled
ORD00513,15-04-2024,CUST1207,Customer_128,Central,Apparel,Running Shoes,6,$906.58,,Completed
ORD00471,"Nov 11, 2024",CUST1710,Customer_300,South,Beauty,Lipstick,10,2899.28,UPI,Pending
ORD00328,12-02-2024,CUST1284,Customer_43,north,Beauty,Sunscreen SPF50,2,2629.83,Debit Card,Cancelled
ORD00226,"Apr 05, 2024",CUST1897,Customer_20,North,Toys,Action Figure,5,2904.62,Credit Card,Returned
ORD00027,07-04-2025,CUST1168,Customer_195,North,Toys,Action Figure,7,1436.23,Net Banking,Returned
ORD00507,27-07-2024,CUST1572,Customer_38,Central,Home & Kitchen,Blender,5,,,completed
ORD00264,"Feb 10, 2024",CUST1982,Customer_208,West,Toys,Action Figure,10,1329.56,Debit Card,Returned
ORD00051,"Sep 20, 2024",CUST1095,Customer_385,South,electronics,Bluetooth Speaker,5,1239.51,Debit Card,Cancelled
ORD00230,14-06-2024,CUST1006,Customer_134,,Apparel,Winter Jacket,4,2316.67,UPI,Returned
ORD00038,09-10-2024,CUST1574,Customer_5,North,electronics,Biography,2,4733.5,Debit Card,completed
ORD00158,"Apr 14, 2025",CUST1396,Customer_210,East,Home & Kitchen,LED Bulb Pack,10,403.97,UPI,Completed
ORD00238,07-02-2024,CUST1433,Customer_177,Central,Apparel,Formal Shirt,9,4971.5,,Pending
ORD00598,26-01-2025,CUST1947,Customer_139,Central,Electronics,USB-C Cable,4,3750.48,Debit Card,Cancelled
ORD00176,23-03-2025,CUST1044,Customer_326,West,Electronics,USB-C Cable,6,1380.2,Credit Card,Returned
ORD00523,"Apr 20, 2024",CUST1487,Customer_323,North,ELECTRONICS,Cotton T-Shirt,8,"$3,761.28",UPI,Returned
ORD00378,06-03-2025,CUST1838,Customer_268,north,Sports,Yoga Mat,9,3482.28,Net Banking,completed
ORD00195,"Aug 26, 2024",CUST1131,Customer_400,Central,Electronics,USB-C Cable,10,1032.52,Debit Card,Pending
ORD00525,28-11-2024,CUST1799,Customer_146,East,Sports,Skipping Rope,6,3414.99,Net Banking,PENDING
ORD00353,02-09-2024,CUST1089,Customer_144,West,Beauty,Shampoo,3,2183.29,Cash on Delivery,Cancelled
ORD00420,08-12-2024,CUST1152,Customer_47,Central,Toys,Board Game,2,3659.28,Credit Card,Returned
ORD00531,29-01-2025,CUST1536,Customer_392,SOUTH,Electronics,Wireless Earbuds,,1422.89,Debit Card,Completed
ORD00068,22-07-2024,CUST1077,Customer_304,South,Home and Kitchen,Biography,2,3531.39,UPI,PENDING
ORD00347,"May 10, 2025",CUST1405,Customer_263,North,Electronics,Smartphone Case,5,1411.81,Debit Card,Completed
ORD00169,16-02-2024,CUST1836,,East,Toys,Action Figure,1,2162.25,Net Banking,completed
ORD00381,05-03-2024,CUST1433,Customer_41,West,Toys,Remote Car,4,4986.76,Debit Card,completed
ORD00163,31/02/2024,CUST1677,Customer_173,Central,Toys,Board Game,3,3046.65,Debit Card,Cancelled
ORD00310,"Nov 19, 2024",CUST1642,Customer_213,West,Apparel,Formal Shirt,8,516.25,Credit Card,Pending
ORD00194,26-09-2024,CUST1787,Customer_210,Central,Beauty,Sunscreen SPF50,2,757.83,UPI,PENDING
ORD00153,28-08-2024,CUST1646,Customer_156,East,Electronic,Face Wash,10,422.43,Cash on Delivery,Completed
ORD00355,13-06-2024,CUST1276,Customer_93,North,Sports,Skipping Rope,6,3046.01,Credit Card,Returned
ORD00365,23-02-2024,CUST1144,Customer_170,North,Apparel,Formal Shirt,4,1832.03,UPI,Cancelled
ORD00227,24-11-2024,CUST1910,Customer_69,Central,Home & Kitchen,Storage Containers,8,1473.26,Credit Card,Returned
ORD00361,16-03-2024,CUST1792,Customer_57,Central,Electronics,Wireless Earbuds,6,4808.71,UPI,PENDING
ORD00537,27-01-2025,CUST1817,Customer_150,Central,Home & Kitchen,Non-stick Pan,4,4014.32,Cash on Delivery,Returned
ORD00104,18-06-2024,CUST1895,Customer_226,North,Sports,Skipping Rope,9,4565.64,Credit Card,PENDING
ORD00426,"Feb 02, 2025",CUST1626,,South,Sports,Football,8,4613.93,Credit Card,Pending
ORD00075,19-12-2024,CUST1661,Customer_365,West,Toys,Remote Car,8,3995.72,Credit Card,Returned
ORD00458,20-09-2024,CUST1498,Customer_23,East,Sports,Dumbbell Set,4,1703.52,Credit Card,Completed
ORD00111,"Apr 28, 2025",CUST1601,Customer_154,West,N/A,USB-C Cable,-1,"$2,365.65",UPI,Cancelled
ORD00120,21-11-2024,CUST1931,Customer_359,East,Books,Fiction Novel,7,715.88,Credit Card,Completed
ORD00422,06-08-2024,CUST1097,Customer_389,South,Home & Kitchen,LED Bulb Pack,1,4282.19,Debit Card,Returned
ORD00445,"Dec 11, 2024",CUST1898,Customer_217,North,Books,Biography,9,,Net Banking,Cancelled
ORD00586,28-04-2024,CUST1520,Customer_364,North,Toys,Action Figure,6,2500.61,Cash on Delivery,completed
ORD00208,18-10-2024,CUST1371,Customer_284,,Beauty,Face Wash,2,2023.79,Net Banking,completed
ORD00362,27-10-2024,CUST1344,Customer_155,East,Books,Biography,3,4882.92,Net Banking,PENDING
ORD00383,06-02-2025,CUST1115,Customer_213, East,Beauty,Face Wash,3,2897.98,Cash on Delivery,Completed
ORD00370,07-10-2024,CUST1346,Customer_305,west ,Books,Fiction Novel,8,"$3,566.85",Net Banking,PENDING
ORD00440,04-09-2024,CUST1708,Customer_297,South,Toys,Board Game,3,652.24,Cash on Delivery,completed
ORD00009,18-04-2025,CUST1701,Customer_167, East,ELECTRONICS,Lipstick,4,4135.74,UPI,Pending
ORD00453,"Mar 07, 2025",CUST1502,Customer_294,north,Electronics,Power Bank,6,$503.47,UPI,completed
ORD00037,"Feb 28, 2025",CUST1045,Customer_2,East,Electronics,USB-C Cable,3,3240,UPI,Cancelled
ORD00140,16-10-2024,CUST1071,Customer_73,North,Apparel,Denim Jeans,2,3768.64,Debit Card,Pending
ORD00254,13-07-2024,CUST1546,Customer_333,East,Toys,Puzzle Set,5,1418.57,Cash on Delivery,Pending
ORD00304,24-01-2025,CUST1559,Customer_112,West,Toys,Building Blocks,2,3719.55,Debit Card,Returned
ORD00425,27-04-2025,CUST1106,Customer_214,Central,Apparel,Cotton T-Shirt,,"$4,040.98",Net Banking,Cancelled
ORD00060,"Jan 04, 2024",CUST1305,Customer_386,West,,Sunscreen SPF50,7,150000,Cash on Delivery,completed
ORD00112,24-02-2024,CUST1390,Customer_293,East,Beauty,Sunscreen SPF50,10,1584.98,UPI,Completed
ORD00384,03-02-2025,CUST1804,Customer_147,Central,Electronics,Power Bank,6,4407.78,UPI,Pending
ORD00394,03-02-2025,CUST1877,Customer_114,South,Toys,Board Game,4,1455.06,,completed
ORD00418,"Apr 12, 2024",CUST1851,Customer_268,South,Apparel,Formal Shirt,6,3561.67,UPI,Cancelled
ORD00263,25-09-2024,CUST1246,,Central,Electronics,Wireless Earbuds,9,1374.23,UPI,Returned
ORD00519,12-09-2024,CUST1215,Customer_215,north,Home & Kitchen,Blender,6,4293.48,UPI,Pending
ORD00298,18-09-2024,CUST1428,Customer_306,west ,Home & Kitchen,Blender,10,2010.99,Debit Card,Pending
ORD00151,11-05-2024,CUST1177,Customer_309,north,Electronics,Smartphone Case,2,1009.16,Net Banking,Pending
ORD00267,18-04-2024,CUST1277,Customer_24,North,Electronics,Smartphone Case,5,4511.66,Cash on Delivery,PENDING
ORD00538,27-03-2025,CUST1404,Customer_128,South,Apparel,Winter Jacket,7,4167.87,Debit Card,Returned
ORD00360,01-09-2024,CUST1339,Customer_315,South,Electronics,Power Bank,3,"$1,802.68",Debit Card,Returned
ORD00550,18-12-2024,CUST1380,Customer_395,North,Toys,Action Figure,4,914.84,Credit Card,PENDING
ORD00039,,CUST1440,Customer_66,North,N/A,Bluetooth Speaker,5,1918.56,Credit Card,Returned
ORD00468,09-04-2024,CUST1185,Customer_344,Central,Toys,Puzzle Set,1,,Cash on Delivery,Pending
ORD00308,"May 28, 2024",CUST1975,Customer_264,North,Books,Cookbook,3,4819.44,Net Banking,Completed
ORD00199,22-01-2024,CUST1083,Customer_24,Central,Toys,Board Game,5,3307.98,Cash on Delivery,Pending
ORD00504,03-07-2024,CUST1670,Customer_1,South,Books,Fiction Novel,2,4984.56,Net Banking,Returned
ORD00433,,CUST1911,Customer_261,Central,Toys,Board Game,4,3324.79,Net Banking,Returned
ORD00147,20-10-2024,CUST1726,Customer_328,West,Sports,Football,5,708.59,Credit Card,Returned
ORD00510,12-12-2024,CUST1819,Customer_162,West,Books,Self-Help Book,6,"$2,655.05",Credit Card,PENDING
ORD00552,"Oct 12, 2024",CUST1824,Customer_225,South,Apparel,Running Shoes,1,3492.86,UPI,PENDING
ORD00148,"Aug 23, 2024",CUST1090,Customer_224,North,Apparel,Formal Shirt,4,2263.03,Net Banking,completed
ORD00554,"Oct 05, 2024",CUST1331,Customer_375,Central,Sports,Cricket Bat,5,4358.16,Cash on Delivery,completed
ORD00349,25-02-2025,CUST1381,Customer_352,north,Apparel,Denim Jeans,10,2992.68,Credit Card,Completed
ORD00326,15-12-2024,CUST1781,Customer_242,west ,Home & Kitchen,Cushion Cover,1,2998.71,Credit Card,Returned
ORD00427,"Feb 02, 2024",CUST1670,Customer_161,North,Beauty,Face Wash,9,3872.51,Cash on Delivery,PENDING
ORD00124,01-02-2024,CUST1282,Customer_98,North,Books,Cookbook,8,594.62,Debit Card,PENDING
ORD00524,"Oct 12, 2024",CUST1352,Customer_11,West,Home & Kitchen,Cushion Cover,,1852.79,Cash on Delivery,Cancelled
ORD00097,13-02-2025,CUST1726,Customer_82,East,Electronics,Power Bank,9,216.32,Net Banking,Completed
ORD00144,02-11-2024,CUST1007,,East,Apparel,Winter Jacket,4,3871.65,UPI,Returned
ORD00240,11-07-2024,CUST1699,Customer_339,Central,Toys,Action Figure,3,3319.64,UPI,Completed
ORD00395,30-08-2024,CUST1662,Customer_89,Central,Electronics,Wireless Earbuds,1,"$1,235.28",Cash on Delivery,Returned
ORD00410,16-11-2024,CUST1231,,East,N/A,Wireless Earbuds,5,775.31,Net Banking,completed
ORD00098,24-08-2024,CUST1663,Customer_79,West,Apparel,Cotton T-Shirt,5,2618.03,UPI,Pending
ORD00372,"Jan 04, 2025",CUST1676,Customer_145,East,Books,Kids Storybook,4,615.19,Net Banking,completed
ORD00325,27-09-2024,CUST1369,Customer_163,South,Sports,Yoga Mat,7,4324.95,Cash on Delivery,Pending
ORD00280,"Jul 13, 2024",CUST1450,Customer_172,West,Toys,Board Game,10,810.2,UPI,completed
ORD00294,07-08-2024,CUST1004,Customer_361,South,Beauty,Shampoo,4,1499.97,Credit Card,completed
ORD00255,15-02-2025,CUST1779,Customer_164,South,Beauty,Face Wash,6,1667.67,Credit Card,completed
ORD00401,24-06-2024,CUST1702,Customer_274,West,Sports,Cricket Bat,-5,99999,Debit Card,PENDING
ORD00123,21-04-2024,CUST1455,Customer_121,East,Books,Cookbook,2,4907.5,UPI,completed
ORD00184,28-06-2024,CUST1043,Customer_373,north,Books,Biography,10,4991.03,UPI,PENDING
ORD00203,03-05-2024,CUST1125,Customer_137,,Electronics,Bluetooth Speaker,4,833.26,Credit Card,Returned
ORD00324,31-05-2024,CUST1802,,West,Apparel,Winter Jacket,7,696.81,Net Banking,PENDING
ORD00247,11-10-2024,CUST1048,Customer_177,West,Apparel,Winter Jacket,9,1695.86,Net Banking,Pending
ORD00454,23-09-2024,CUST1805,Customer_259,,Apparel,Denim Jeans,7,2783.94,Net Banking,Completed
ORD00442,11-03-2024,CUST1616,Customer_359,Central,Beauty,Moisturizer,5,4238.91,Cash on Delivery,Returned
ORD00516,13-02-2025,CUST1489,Customer_277,North,Toys,Power Bank,9,1834.35,Debit Card,Pending
ORD00600,07-11-2024,CUST1737,Customer_161,north,ELECTRONICS,Face Wash,10,4704.82,,completed
ORD00549,"Feb 10, 2025",CUST1598,Customer_62,West,Electronic,Smartphone Case,4,193.31,Credit Card,completed
ORD00424,07-05-2025,CUST1278,Customer_198,West,Beauty,Sunscreen SPF50,7,3296.91,Debit Card,Completed
ORD00126,16-04-2024,CUST1832,Customer_120,South,Toys,Board Game,3,3974.92,Cash on Delivery,Completed
ORD00403,"Apr 23, 2024",CUST1228,Customer_382, East,Home and Kitchen,Non-stick Pan,7,3972.24,,Returned
ORD00463,02-02-2024,CUST1717,Customer_38,East,Books,Kids Storybook,9,$664.76,UPI,completed
ORD00449,09-05-2025,CUST1013,Customer_381,East,Toys,Puzzle Set,4,3159.72,Net Banking,Cancelled
ORD00224,27-07-2024,CUST1488,Customer_334,South,Sports,Cricket Bat,5,1707.66,Credit Card,Completed
ORD00343,01-02-2024,CUST1678,Customer_67,South,Toys,Skipping Rope,5,"$1,415.81",UPI,Pending
ORD00054,25-08-2024,CUST1570,Customer_128,North,Toys,Board Game,8,796.69,Net Banking,PENDING
ORD00220,12-12-2024,CUST1917,Customer_203,East,Electronics,Power Bank,3,1558.7,UPI,PENDING
ORD00130,01-02-2024,CUST1867,Customer_206,SOUTH,Beauty,Face Wash,2,2527.8,Net Banking,Completed
ORD00564,12-10-2024,CUST1764,Customer_55,west ,Books,Self-Help Book,6,3421.29,Net Banking,Completed
ORD00429,17-03-2024,CUST1011,Customer_330,South,ELECTRONICS,Storage Containers,9,"$4,266.90",Net Banking,Cancelled
ORD00486,06-03-2024,CUST1137,Customer_323,Central,Apparel,Cotton T-Shirt,1,4470.37,Debit Card,Completed
ORD00589,"Nov 16, 2024",CUST1899,Customer_199,North,ELECTRONICS,Non-stick Pan,9,4753.21,Debit Card,Cancelled
ORD00431,10-02-2024,CUST1454,Customer_294,West,Toys,Remote Car,2,4304.46,Net Banking,Returned
ORD00101,"May 24, 2024",CUST1857,Customer_301,Central,Toys,Building Blocks,8,4346.51,Net Banking,completed
ORD00438,22-01-2025,CUST1047,Customer_325,north,N/A,Non-stick Pan,2,3894.9,Net Banking,Pending
ORD00387,"Feb 22, 2025",CUST1318,Customer_144,West,Electronics,Bluetooth Speaker,2,4866.61,Debit Card,Cancelled
ORD00078,02-03-2024,CUST1196,Customer_111,West,Apparel,Running Shoes,5,3664.24,Cash on Delivery,completed
ORD00295,"Apr 05, 2024",CUST1333,Customer_101,West,Electronics,Power Bank,2,1422.41,Net Banking,completed
ORD00268,"Apr 20, 2025",CUST1016,Customer_107,Central,Electronics,Smartphone Case,3,3798.43,Net Banking,Completed
ORD00501,"Feb 02, 2024",CUST1227,Customer_190,North,Beauty,Face Wash,10,333.11,Net Banking,Pending
ORD00451,02-03-2024,CUST1041,Customer_220,East,Apparel,Formal Shirt,9,1431.56,Debit Card,completed
ORD00113,20-05-2024,CUST1579,Customer_352,North,Toys,Action Figure,10,3764.08,UPI,Cancelled
ORD00180,22-07-2024,CUST1259,Customer_19,South,Home & Kitchen,Cushion Cover,5,1881.32,Credit Card,PENDING
ORD00457,"Dec 15, 2024",CUST1390,Customer_59,,Apparel,Cotton T-Shirt,5,2770.15,UPI,Completed
ORD00500,10-11-2024,CUST1164,Customer_200,North,Toys,Board Game,2,4142.79,Net Banking,completed
ORD00488,06-11-2024,CUST1888,Customer_247,South,sport,Winter Jacket,4,150000,Cash on Delivery,Cancelled
ORD00374,,CUST1174,Customer_327,north,Apparel,Cotton T-Shirt,2,2446.82,Credit Card,Returned
ORD00315,05-05-2025,CUST1207,Customer_353,South,Beauty,Face Wash,5,921.04,UPI,Completed
ORD00152,24-01-2025,CUST1697,Customer_290,Central,Toys,Board Game,6,4341.6,UPI,Cancelled
ORD00172,03-03-2025,CUST1561,Customer_373,Central,electronics,Blender,9,2202.79,UPI,Cancelled
ORD00234,23-03-2025,CUST1538,Customer_229,Central,,Kids Storybook,6,528.8,Cash on Delivery,Completed
ORD00307,16-02-2025,CUST1583,Customer_180,SOUTH,Toys,Remote Car,5,"$3,044.76",Debit Card,Returned
ORD00464,26-01-2025,CUST1390,,North,Electronics,Bluetooth Speaker,8,908.17,Debit Card,Cancelled
ORD00165,20-01-2025,CUST1239,Customer_274,South,Sports,Dumbbell Set,5,"$4,833.14",Net Banking,Cancelled
ORD00318,14-12-2024,CUST1009,Customer_5,East,Apparel,Formal Shirt,2,"$4,942.55",Net Banking,PENDING
ORD00137,22-10-2024,CUST1158,Customer_337,West,Home & Kitchen,Non-stick Pan,4,4259.28,UPI,completed
ORD00411,26-03-2024,CUST1843,Customer_24,East,Sports,Dumbbell Set,5,2361.24,Cash on Delivery,completed
ORD00198,14-09-2024,CUST1606,Customer_298,South,Sports,Yoga Mat,-1,"$3,344.85",,Returned
ORD00359,"Oct 04, 2024",CUST1179,Customer_252,North,Toys,Action Figure,2,422.41,Cash on Delivery,Cancelled
ORD00259,24-11-2024,CUST1536,Customer_18,north,Apparel,Formal Shirt,1,3857.04,Net Banking,Cancelled
ORD00233,"Aug 20, 2024",CUST1425,Customer_360,Central,Beauty,Moisturizer,8,3823.15,Debit Card,Cancelled
ORD00116,"Feb 06, 2025",CUST1543,Customer_257,East,Apparel,Denim Jeans,3,1396.3,Net Banking,Returned
ORD00121,29-02-2024,CUST1240,Customer_276,South,Home & Kitchen,Storage Containers,7,2350.17,Cash on Delivery,Pending
ORD00470,06-03-2024,CUST1102,Customer_146,Central,Home & Kitchen,LED Bulb Pack,2,4515.58,UPI,Pending
ORD00283,15-12-2024,CUST1975,Customer_373,West,Sports,Cricket Bat,4,2276.51,UPI,PENDING
ORD00377,18-03-2024,CUST1087,Customer_343,west ,Sports,Yoga Mat,9,2157.84,Cash on Delivery,Cancelled
ORD00385,19-10-2024,CUST1038,Customer_89,East,Books,Biography,7,,Cash on Delivery,PENDING
ORD00225,28-04-2024,CUST1935,Customer_90,north,Home and Kitchen,Kids Storybook,3,"$4,679.52",Credit Card,Pending
ORD00591,01-08-2024,CUST1586,Customer_79,West,sport,Self-Help Book,5,"$4,562.22",UPI,Pending
ORD00495,"Jul 28, 2024",CUST1193,Customer_3,North,Sports,Skipping Rope,10,2684.32,Cash on Delivery,Completed
ORD00348,11-10-2024,CUST1096,Customer_237,North,Beauty,Sunscreen SPF50,,739.05,Credit Card,Cancelled
ORD00128,09-01-2024,CUST1271,Customer_27,South,Sports,Dumbbell Set,7,2701.51,Credit Card,Pending
ORD00589,"Nov 16, 2024",CUST1899,Customer_199,North,Home & Kitchen,Non-stick Pan,9,4753.21,Debit Card,Cancelled
ORD00446,"Apr 12, 2024",CUST1768,Customer_83,East,Electronics,Wireless Earbuds,5,860.18,Credit Card,PENDING
ORD00286,25-12-2024,CUST1111,Customer_394,South,Electronics,Bluetooth Speaker,6,956.74,Cash on Delivery,Completed
ORD00575,12-05-2025,CUST1770,Customer_305,Central,,USB-C Cable,9,586.9,Net Banking,Returned
ORD00044,"May 10, 2025",CUST1359,Customer_329,Central,Home & Kitchen,Non-stick Pan,7,3445.66,Cash on Delivery,Returned
ORD00108,11-02-2025,CUST1300,,East,Electronics,Bluetooth Speaker,7,856.01,Cash on Delivery,Pending
ORD00526,"Jul 14, 2024",CUST1474,Customer_324,South,electronics,Face Wash,3,3256.82,UPI,Pending
ORD00483,30-03-2025,CUST1513,Customer_72,West,Beauty,Sunscreen SPF50,3,1265.46,Cash on Delivery,PENDING
ORD00134,09-06-2024,CUST1320,Customer_341,East,Beauty,Face Wash,6,4774.92,Net Banking,Completed
ORD00441,27-03-2025,CUST1428,Customer_312,South,Home & Kitchen,Cushion Cover,5,2079.67,UPI,Returned
ORD00062,15-04-2025,CUST1637,Customer_274,North,sport,Winter Jacket,7,"$3,020.68",Credit Card,Completed
ORD00045,"Mar 25, 2025",CUST1182,,East,Electronics,Wireless Earbuds,1,675.75,Net Banking,Returned
ORD00170,16-07-2024,CUST1383,Customer_115,North,sport,Blender,6,4664.51,UPI,Cancelled
ORD00066,30-08-2024,CUST1577,Customer_112,West,Apparel,Denim Jeans,5,3869.46,Debit Card,completed
ORD00284,10-12-2024,CUST1142,,north,Electronics,USB-C Cable,4,1375.51,Debit Card,PENDING
ORD00086,"Aug 28, 2024",CUST1033,Customer_119,East,Toys,Shampoo,5,3559.49,Net Banking,Completed
ORD00243,17-01-2024,CUST1629,Customer_393,North,Books,Fiction Novel,4,1149.5,,completed
ORD00187,13-12-2024,CUST1971,Customer_190,East,Sports,Cricket Bat,8,3850.96,,Cancelled
ORD00327,17-04-2025,CUST1971,Customer_204,Central,Apparel,Cotton T-Shirt,5,"$3,198.57",Cash on Delivery,Pending
ORD00160,07-06-2024,CUST1132,Customer_305,north,Apparel,Running Shoes,5,2860.77,UPI,Cancelled
ORD00013,14-07-2024,CUST1541,Customer_129,Central,Electronics,USB-C Cable,1,3449.37,Credit Card,PENDING
ORD00036,05-11-2024,CUST1734,Customer_176,South,Home & Kitchen,LED Bulb Pack,5,2601.23,UPI,Completed
ORD00029,"Jan 17, 2025",CUST1058,Customer_26,Central,Sports,Yoga Mat,8,,Cash on Delivery,Cancelled
ORD00171,26-05-2024,CUST1712,Customer_72,West,Apparel,Cotton T-Shirt,8,3134.44,Credit Card,Completed
ORD00143,"Feb 28, 2024",CUST1440,Customer_57,East,Apparel,Formal Shirt,10,2510.17,UPI,Completed
ORD00237,30-01-2024,CUST1688,Customer_158,North,Beauty,Shampoo,7,1384.12,,PENDING
ORD00515,08-09-2024,CUST1782,Customer_262,,Sports,Dumbbell Set,,1227.15,Cash on Delivery,Cancelled
ORD00520,08-03-2024,CUST1833,Customer_52,East,Apparel,Formal Shirt,4,2843.4,Net Banking,Cancelled
ORD00585,01-12-2024,CUST1068,Customer_199,East,Electronics,USB-C Cable,6,4341.77,Credit Card,Returned
ORD00222,11-03-2024,CUST1630,Customer_380,Central,Sports,Dumbbell Set,4,1325.92,Cash on Delivery,Cancelled
ORD00576,16-03-2024,CUST1344,Customer_43,West,Toys,Action Figure,10,3764.78,Cash on Delivery,Pending
ORD00096,"Apr 14, 2024",CUST1562,,East,Beauty,Face Wash,8,4422.11,Net Banking,Completed
ORD00052,05-05-2024,CUST1625,Customer_394,North,Electronics,Wireless Earbuds,8,2160.04,Cash on Delivery,Cancelled
ORD00241,20-07-2024,CUST1745,Customer_115,North,Apparel,Formal Shirt,1,"$4,895.68",Net Banking,PENDING
ORD00528,"Dec 29, 2024",CUST1619,,West,Books,Cookbook,5,4455.31,UPI,PENDING
ORD00352,16-08-2024,CUST1035,Customer_315,Central,Home & Kitchen,LED Bulb Pack,10,1342.06,UPI,Pending
ORD00536,01-01-2024,CUST1352,Customer_147,West,,Non-stick Pan,9,190.34,Net Banking,Pending
ORD00179,02-02-2024,CUST1037,Customer_151,South,N/A,Denim Jeans,,3986.88,Credit Card,Returned
ORD00461,28-01-2024,CUST1813,Customer_129,Central,Electronics,Wireless Earbuds,2,2938.57,Debit Card,Returned
ORD00546,11-04-2024,CUST1752,Customer_395,North,Books,Fiction Novel,9,3380.14,Debit Card,Pending
ORD00042,16-05-2024,CUST1806,Customer_360,North,Toys,Remote Car,7,4380.01,Net Banking,Cancelled
ORD00577,23-07-2024,CUST1792,,north,Home & Kitchen,Non-stick Pan,3,"$2,482.47",Debit Card,Pending
ORD00542,17-05-2024,CUST1732,Customer_225,North,Electronics,Bluetooth Speaker,4,587.46,Credit Card,Pending
ORD00207,09-03-2025,CUST1441,Customer_69,East,Sports,Yoga Mat,6,3854.71,,Completed
ORD00393,25-06-2024,CUST1857,Customer_133,North,Toys,Dumbbell Set,5,283.13,Credit Card,Cancelled
ORD00398,03-09-2024,CUST1344,Customer_142,East,Home & Kitchen,Non-stick Pan,5,1416.56,UPI,Cancelled
ORD00540,12-03-2025,CUST1186,Customer_70,East,Beauty,Moisturizer,2,3238.93,Cash on Delivery,Pending
ORD00218,08-11-2024,CUST1196,Customer_127,East,Toys,Puzzle Set,9,1597.72,UPI,Returned
ORD00005,not a date,CUST1826,Customer_23,West,Toys,Puzzle Set,9,$755.41,Net Banking,Completed
ORD00553,05-04-2025,CUST1496,Customer_362,West,,Running Shoes,9,1579.37,Net Banking,Cancelled
ORD00099,29-08-2024,CUST1467,Customer_283,west ,Toys,Action Figure,7,"$1,074.46",Cash on Delivery,completed
ORD00407,19-11-2024,CUST1320,Customer_325,North,Beauty,Lipstick,1,2342.46,Debit Card,Cancelled
ORD00503,26-05-2024,CUST1034,Customer_307,Central,Toys,Board Game,9,3537.48,Cash on Delivery,Cancelled
ORD00048,07-06-2024,CUST1334,Customer_207,East,Home & Kitchen,Cushion Cover,,$767.35,Net Banking,PENDING
ORD00033,15-10-2024,CUST1075,Customer_276,Central,Toys,Shampoo,9,1436.22,UPI,Completed
ORD00201,18-12-2024,CUST1161,Customer_226,West,Beauty,Face Wash,8,2402.54,UPI,completed
ORD00135,17-02-2024,CUST1098,Customer_382,East,Electronics,Wireless Earbuds,3,2848.4,Cash on Delivery,completed
ORD00028,04-12-2024,CUST1158,Customer_98,East,Beauty,Shampoo,4,4848.24,Cash on Delivery,PENDING
ORD00544,"Jan 29, 2024",CUST1794,Customer_201,North,Electronics,Smartphone Case,9,2430.21,Debit Card,Returned
ORD00231,05-01-2025,CUST1267,Customer_335,,,Cushion Cover,4,$451.30,Credit Card,Pending
ORD00490,05-02-2024,CUST1387,Customer_198,South,Sports,Skipping Rope,2,230.33,Cash on Delivery,completed
ORD00379,02-06-2024,CUST1404,Customer_366,North,Apparel,Winter Jacket,9,2920.42,Cash on Delivery,completed
ORD00289,25-06-2024,CUST1494,Customer_54,East,sport,Cricket Bat,7,4614.66,Credit Card,Completed
ORD00419,11-09-2024,CUST1704,Customer_247,north,Electronics,Power Bank,4,163.28,Credit Card,Completed
ORD00392,14-12-2024,CUST1247,Customer_191, East,,Face Wash,10,2313.6,Net Banking,completed
ORD00499,17-01-2025,CUST1457,Customer_359,South,Apparel,Cotton T-Shirt,2,1190.12,Net Banking,Returned
ORD00139,"Jan 14, 2024",CUST1029,Customer_93,East,Books,Kids Storybook,5,4619.46,UPI,Completed
ORD00063,10-03-2024,CUST1186,Customer_26,East,Books,Biography,7,1737.66,Net Banking,Returned
ORD00472,09-06-2024,CUST1804,Customer_114,Central,Apparel,Cotton T-Shirt,5,4224.53,Debit Card,PENDING
ORD00129,19-09-2024,CUST1462,,South,Beauty,Lipstick,10,360.32,Cash on Delivery,Returned
ORD00011,"May 06, 2024",CUST1764,Customer_300,West,Home & Kitchen,Blender,10,2087.09,Debit Card,Cancelled
ORD00521,30-08-2024,CUST1180,,South,Apparel,Denim Jeans,3,4978.47,Cash on Delivery,completed
ORD00065,03-02-2025,CUST1772,Customer_16,South,Apparel,Cotton T-Shirt,4,4220.26,Cash on Delivery,Cancelled
ORD00015,16-09-2024,CUST1891,Customer_321,East,Toys,Remote Car,,3103.51,Debit Card,Returned
ORD00157,26-11-2024,CUST1040,Customer_127,Central,N/A,Power Bank,8,,Cash on Delivery,Cancelled
ORD00041,14-05-2025,CUST1902,Customer_212,west ,Toys,Remote Car,,"$3,722.34",UPI,Pending
ORD00493,24-09-2024,CUST1379,Customer_23,Central,Books,Biography,7,,Net Banking,Pending
ORD00380,16-03-2024,CUST1972,Customer_388,West,electronics,Kids Storybook,3,"$4,752.95",Debit Card,Cancelled
ORD00188,"Jul 22, 2024",CUST1665,Customer_143,South,Sports,Dumbbell Set,2,275.68,Debit Card,Pending
ORD00217,26-09-2024,CUST1321,Customer_89,West,Books,Biography,9,1810.29,UPI,PENDING
ORD00053,10-09-2024,CUST1249,Customer_76,North,Home and Kitchen,Biography,2,3925.34,Debit Card,Cancelled
ORD00338,"May 29, 2024",CUST1757,Customer_319,South,Home & Kitchen,Blender,8,1936.13,Net Banking,Cancelled
ORD00296,01-11-2024,CUST1625,Customer_201,Central,Books,Cookbook,2,1837.43,Net Banking,completed
ORD00252,"Mar 21, 2025",CUST1310,Customer_8,,Beauty,Moisturizer,4,4816.08,Credit Card,PENDING
ORD00462,18-08-2024,CUST1443,Customer_162,North,Beauty,Sunscreen SPF50,7,3415.5,Cash on Delivery,Completed
ORD00456,25-02-2025,CUST1117,Customer_343,East,Beauty,Shampoo,8,1315.69,Cash on Delivery,completed
ORD00588,20-07-2024,CUST1018,Customer_178,East,Home & Kitchen,Storage Containers,6,3182.37,Debit Card,completed
ORD00270,"Sep 13, 2024",CUST1054,Customer_51,West,Electronic,Fiction Novel,4,4217.57,UPI,completed
ORD00202,"Mar 17, 2025",CUST1751,Customer_177,West,Apparel,Running Shoes,3,3839.23,Cash on Delivery,completed
ORD00162,08-04-2024,CUST1140,Customer_80,North,Toys,Action Figure,5,4245.48,Credit Card,completed
ORD00556,10-01-2025,CUST1904,Customer_10,Central,Sports,Football,6,"$3,913.68",Debit Card,Returned
ORD00402,30-05-2024,CUST1482,Customer_66,west ,Sports,Cricket Bat,9,3850.15,Debit Card,PENDING
ORD00477,09-03-2024,CUST1513,Customer_262,North,Toys,Puzzle Set,7,1914.75,Credit Card,PENDING
ORD00106,12-03-2025,CUST1977,Customer_163, East,Electronics,Bluetooth Speaker,9,324.11,Credit Card,Cancelled
ORD00390,25-07-2024,CUST1799,Customer_269,Central,Home & Kitchen,Cushion Cover,1,992.63,Debit Card,Completed
ORD00002,17-01-2024,CUST1095,Customer_112,South,Sports,Football,9,"$3,069.79",Cash on Delivery,Cancelled
ORD00581,20-03-2024,CUST1115,Customer_379,north,Home and Kitchen,Cookbook,4,4752.36,Debit Card,Returned
ORD00562,"Feb 25, 2025",CUST1541,Customer_21,North,Toys,Building Blocks,5,$527.99,Debit Card,completed
ORD00081,02-09-2024,CUST1348,Customer_95,North,Home & Kitchen,Storage Containers,5,4714.16,Net Banking,Completed
ORD00206,"Apr 20, 2024",CUST1049,Customer_26,East,Beauty,Moisturizer,8,3047.97,Net Banking,Returned
ORD00035,02-06-2024,CUST1961,Customer_69, East,Books,Kids Storybook,2,4465.11,Cash on Delivery,Cancelled
ORD00509,14-12-2024,CUST1918,Customer_301,North,Toys,Action Figure,8,713.9,Credit Card,Pending
ORD00428,"May 15, 2025",CUST1531,Customer_268,Central,Sports,Cricket Bat,2,2249.31,Debit Card,Pending
ORD00455,28-03-2025,CUST1679,Customer_170,East,N/A,Blender,6,1573.84,Cash on Delivery,completed
ORD00367,03-01-2025,CUST1049,Customer_198,West,Home & Kitchen,Non-stick Pan,7,4850.14,Net Banking,Pending
ORD00092,"Apr 14, 2025",CUST1185,Customer_300,West,electronics,Football,8,4849.92,Net Banking,Returned
ORD00340,"May 01, 2025",CUST1001,Customer_389,West,Toys,Building Blocks,5,654.15,Cash on Delivery,Cancelled
ORD00565,08-10-2024,CUST1516,Customer_173,north,Apparel,Denim Jeans,9,4992.4,Net Banking,Returned
ORD00346,15-05-2024,CUST1092,Customer_81,East,N/A,Storage Containers,10,345.6,UPI,Cancelled
ORD00242,05-08-2024,CUST1843,Customer_118,South,Books,Kids Storybook,8,"$1,828.87",UPI,Cancelled
ORD00014,"Jan 28, 2025",CUST1114,Customer_151,West,Sports,Dumbbell Set,3,2350.56,UPI,completed
ORD00316,08-05-2024,CUST1380,Customer_341,South,Books,Cookbook,1,2072.26,UPI,PENDING
ORD00388,"Jan 31, 2025",CUST1275,Customer_374,West,Home & Kitchen,Storage Containers,10,3280.94,Debit Card,Pending
ORD00274,03-07-2024,CUST1093,Customer_3,East,electronics,Lipstick,8,,UPI,Completed
ORD00167,"Mar 11, 2024",CUST1053,Customer_329,,ELECTRONICS,Board Game,6,2839.52,Credit Card,PENDING
ORD00185,08-02-2024,CUST1372,Customer_263,South,Toys,Building Blocks,1,842.48,Cash on Delivery,PENDING
ORD00485,03-09-2024,CUST1490,Customer_108,Central,Books,Fiction Novel,3,3289.21,Net Banking,Completed
ORD00079,02-03-2025,CUST1303,Customer_117,SOUTH,Home & Kitchen,Non-stick Pan,3,1616,Cash on Delivery,Cancelled
ORD00505,26-07-2024,CUST1530,Customer_8,North,Books,Biography,2,,Cash on Delivery,completed
ORD00244,2024-13-45,CUST1250,,North,Electronics,USB-C Cable,7,2278.97,,Cancelled
ORD00567,"Jan 27, 2025",CUST1368,,West,Apparel,Winter Jacket,7,150.95,Credit Card,Returned
ORD00563,06-01-2025,CUST1544,Customer_198,South,Electronics,Wireless Earbuds,4,2702.03,Debit Card,completed
ORD00190,12-04-2024,CUST1138,Customer_38,west ,Books,Biography,3,4508.59,Net Banking,Completed
ORD00476,05-10-2024,CUST1669,Customer_397,South,Sports,Dumbbell Set,6,2053.62,Cash on Delivery,PENDING
ORD00511,"May 07, 2024",CUST1095,Customer_205,,Toys,Puzzle Set,2,,Debit Card,Pending
ORD00059,31-07-2024,CUST1211,,West,Sports,Football,10,4738.4,Credit Card,completed
ORD00475,10-03-2025,CUST1832,Customer_298,Central,Electronics,Wireless Earbuds,7,3880.62,Debit Card,Completed
ORD00561,20-04-2025,CUST1479,Customer_328,Central,Books,Biography,6,2856.4,Net Banking,Returned
ORD00253,13-04-2025,CUST1712,Customer_310,South,Toys,Action Figure,7,4588.36,Cash on Delivery,Returned
ORD00022,03-10-2024,CUST1740,Customer_293,Central,Beauty,Moisturizer,,1328.54,Net Banking,Pending
ORD00314,24-01-2024,CUST1641,Customer_236,,Books,Fiction Novel,2,4657.75,Debit Card,Pending
ORD00460,28-02-2025,CUST1662,Customer_37,South,Apparel,Formal Shirt,1,2377.24,UPI,Completed
ORD00161,17-02-2024,CUST1520,Customer_186,North,Books,Kids Storybook,6,1648,,Returned
ORD00277,19-10-2024,CUST1701,Customer_195,,Sports,Cricket Bat,3,1454.26,UPI,Pending
ORD00192,"Feb 10, 2025",CUST1520,Customer_115,North,Books,Self-Help Book,4,"$3,991.52",Debit Card,Pending
ORD00386,20-01-2024,CUST1910,Customer_170,South,Books,Biography,1,3766.89,UPI,Returned
ORD00414,"Jul 11, 2024",CUST1789,Customer_274,Central,Books,Fiction Novel,1,3030.53,Credit Card,PENDING
ORD00492,14-09-2024,CUST1095,Customer_247,South,sport,Board Game,10,2765.54,Credit Card,PENDING
ORD00344,11-06-2024,CUST1278,Customer_120,North,Books,Cookbook,4,810.14,Cash on Delivery,Completed
ORD00309,25-12-2024,CUST1255,Customer_75,East,electronics,Blender,4,3843.15,Net Banking,Pending
ORD00131,07-11-2024,CUST1067,Customer_65,East,sport,Bluetooth Speaker,10,3220.42,,PENDING
ORD00100,18-03-2025,CUST1282,Customer_396,West,Books,Self-Help Book,6,"$4,681.10",Cash on Delivery,Returned
ORD00373,19-03-2024,CUST1369,Customer_2,West,ELECTRONICS,Football,2,1578.56,Cash on Delivery,Pending
ORD00088,"Apr 10, 2025",CUST1846,Customer_73,North,Toys,Self-Help Book,1,954.73,UPI,completed
ORD00459,30-09-2024,CUST1641,Customer_34,South,Apparel,Formal Shirt,4,4345.01,Net Banking,Completed
ORD00331,"Sep 11, 2024",CUST1535,Customer_265,East,Electronics,Smartphone Case,3,1953.57,,PENDING
ORD00215,17-01-2024,CUST1195,,West,electronics,Denim Jeans,6,2181.08,Net Banking,PENDING
ORD00467,"Jan 18, 2025",CUST1216,Customer_212,Central,Home & Kitchen,Blender,3,930.63,Debit Card,completed
ORD00122,29-03-2025,CUST1670,Customer_51,West,Sports,Cricket Bat,,2129.36,UPI,Completed
ORD00370,07-10-2024,CUST1346,Customer_305,Central,Books,Fiction Novel,8,3566.85,Net Banking,PENDING
ORD00021,27-04-2024,CUST1927,Customer_17,East,Books,Fiction Novel,2,2643.66,UPI,PENDING
ORD00072,01-03-2025,CUST1285,Customer_231,South,Home & Kitchen,Blender,8,2913.77,Net Banking,Returned
ORD00107,26-04-2024,CUST1444,Customer_51,North,Books,Cookbook,8,956.87,UPI,Completed
ORD00271,03-05-2025,CUST1992,Customer_397,East,Toys,Board Game,1,3225.5,Net Banking,Pending
ORD00436,not a date,CUST1046,Customer_85,West,Sports,Dumbbell Set,3,4135.92,Net Banking,Completed
ORD00103,16-01-2025,CUST1722,Customer_196,West,Electronics,Bluetooth Speaker,3,2552.34,Credit Card,Cancelled
